1297396900543385600,"https://t.co/H5vr6F0F51","https://t.co/nylNgxELEu"
1297395642298298369,"https://t.co/H66O3pa5eQ","https://t.co/U3xie2H8Mw"
1297394383843741696,"https://t.co/uVSpaHoOr4","https://t.co/1G1qyK9WXm"
1297393125619404800,"https://t.co/dq07odooMb","https://t.co/ZjXGTWGtRh"
1297391867596697603,"https://t.co/pqfWM2IXAE","https://t.co/HbYDMOoDGh"
1297390609812971521,"https://t.co/7SUl0tDQ1m","https://t.co/2RBRmeLB5l"
1297389350947364864,"https://t.co/CRxAQ8xBn3","https://t.co/jrcdrsIKRW"
1297388092412788736,"https://t.co/m7zb75tVuJ","https://t.co/cv9S4sTjdP"
1297386834385747972,"https://t.co/qO65KEq9PR","https://t.co/miMUVRfEzs"
1297385576098697217,"https://t.co/OgGhTk39zw","https://t.co/VbXjT9FSZh"
1297384317719642118,"https://t.co/uhRMpfgjAg","https://t.co/HrYX9wIaK3"
1297383059843510275,"https://t.co/OgGhTk39zw","https://t.co/SlvhX3f4WW"
1297381801116217346,"https://t.co/MZwd68KxNN","https://t.co/TcCVf2o0Rw"
1297380542741004288,"https://t.co/AvNrQPOBtH","https://t.co/Uetry7IS4K"
1297379284680671235,"https://t.co/u3gQhhIq04","https://t.co/gkySg24Wby"
1297378026070708224,"https://t.co/Oeyfu9uJ0r","https://t.co/sphWcz3RAv"
1297376767855009792,"https://t.co/u3gQhhIq04","https://t.co/RMP26SvkOt"
1297375510394265600,"https://t.co/BIg9FmSHEK","https://t.co/083Krg3u05"
1297374251171880966,"https://t.co/5go8vwdIXH","https://t.co/nNL3aaAKdc"
1297372993102819328,"https://t.co/bcytVvxNjS","https://t.co/7MYE2bSPgb"
1297371734845329409,"https://t.co/Kd7i5Z97Ae","https://t.co/XnEntbuEyv"
1297370476407189505,"https://t.co/bcytVvxNjS","https://t.co/DmAi2BhDIV"
1297369218502086662,"https://t.co/Kd7i5Z97Ae","https://t.co/JPt6W0Xq98"
1297367961406246915,"https://t.co/zxuDhADovj","https://t.co/73DOjB4dlJ"
1297366701483479041,"https://t.co/koRGM1A5oI","https://t.co/T0vX1NS90f"
1297365443292930049,"https://t.co/zxuDhADovj","https://t.co/4WyqzTENOw"
1297364185039372288,"https://t.co/koRGM1A5oI","https://t.co/knkg5qZmz5"
1297362926815326208,"https://t.co/zxuDhADovj","https://t.co/1exZiMzVLk"
1297361668587085824,"https://t.co/kQuVuDk2en","https://t.co/XIBPNSPUPh"
1297360410371399682,"https://t.co/PeRq2W2My4","https://t.co/pQMNMgJLt7"
1297359151702605824,"https://t.co/P3aBOuX9dQ","https://t.co/uVs9WHyNgE"
1297357893466034184,"https://t.co/YeiUNrMsxO","https://t.co/qxMrkiLMqC"
1297356635195633664,"https://t.co/B34RI6fTKX","https://t.co/L1F3VMFgGQ"
1297355376925401092,"https://t.co/YeiUNs43pm","https://t.co/9cj8sThOmQ"
1297354118886043648,"https://t.co/saWQWIa8be","https://t.co/iKK66V8w1C"
1297352863274819584,"https://t.co/9gDZ0HkpPU","https://t.co/vdjPbBu6qv"
1297351602181935105,"https://t.co/JzpiHGld0Z","https://t.co/mILrClpoXQ"
1297350343760609280,"https://t.co/Cuo3IWke0t","https://t.co/41QEo488Is"
1297349085444411393,"https://t.co/8UZi7IWCLv","https://t.co/tsM8bCzWqZ"
1297347827190964224,"https://t.co/Dx3R445oBW","https://t.co/Fi3bnOsEfz"
1297346569067470848,"https://t.co/k40Ph5DE0r","https://t.co/5NnU66LAMc"
1297345311501844480,"https://t.co/WJAkyMqwYZ","https://t.co/Uo3EFu5AJo"
1297344052254461953,"https://t.co/k40Ph5DE0r","https://t.co/vSD0WjFLj2"
1297342794076270592,"https://t.co/fKovY4Lspd","https://t.co/KYk64Hddml"
1297341535776698369,"https://t.co/CRxAQ8PceB","https://t.co/rfrXoCXIJ3"
1297340277326098432,"https://t.co/5S1ZH5bnWW","https://t.co/XLKBRPclpj"
1297339019471224832,"https://t.co/CRxAQ8xBn3","https://t.co/Sqgv1eEC9e"
1297337763142881280,"https://t.co/mGHpd0O1mu","https://t.co/NttwWQQSis"
1297336502549123072,"https://t.co/CRxAQ8xBn3","https://t.co/FdCxWKZb5D"
1297335244207476742,"https://t.co/cQwFMVndqu","https://t.co/XktP17l7Gt"
1297333985941565440,"https://t.co/uVSpaHoOr4","https://t.co/UFlKDlH45R"
1297332727776256000,"https://t.co/xhrb3eAwbt","https://t.co/1gokUP6CTT"
1297331469585506306,"https://t.co/Qs1RHjgp62","https://t.co/i1GAXABaji"
1297330211038535681,"https://t.co/xhrb3eS731","https://t.co/KIdIp9eiH9"
1297328952810274816,"https://t.co/YeMxHiX9w1","https://t.co/mNVPcQPOaA"
1297327694556753921,"https://t.co/xhrb3eS731","https://t.co/ku83LORNt9"
1297326436278312968,"https://t.co/DhsvHQ1CJ4","https://t.co/3MQCMRbA3k"
1297325177890455552,"https://t.co/8bq9umQUAk","https://t.co/MjjTK7xJ5Z"
1297323919934812162,"https://t.co/Kj0IWdgc4Y","https://t.co/CXiVe1bots"
1297322663497498626,"https://t.co/G8JVr3CFYu","https://t.co/XpHPMxyeqg"
1297321403109142528,"https://t.co/1IAbFzbxmh","https://t.co/skkPtGX6Zk"
1297320144775942144,"https://t.co/Ti23CJaFDF","https://t.co/pWuW27WLkA"
1297318886480793606,"https://t.co/7SUl0tmf9O","https://t.co/oT5kXtSdag"
1297317628210536448,"https://t.co/FtO6t5RqZ6","https://t.co/52nnnZWU5c"
1297316370061787136,"https://t.co/7SUl0tDQ1m","https://t.co/nqBqiZGrxP"
1297315112118714369,"https://t.co/FtO6t5zPAw","https://t.co/9kG0Z4jP1u"
1297313853282439171,"https://t.co/noNQLohnVC","https://t.co/KebSbtU8z7"
1297312595133657088,"https://t.co/FtO6t5zPAw","https://t.co/zM7duWW2TE"
1297311336662216707,"https://t.co/7viuicO9mc","https://t.co/Br9QGZAAXk"
1297310078484217857,"https://t.co/noNQLohnVC","https://t.co/oiiOm9A2cF"
1297308820327108610,"https://t.co/EvKElbWsgM","https://t.co/LDKKYed3oM"
1297306303585382400,"https://t.co/H66O3pa5eQ","https://t.co/kcVwdPkXnf"
1297305045415809024,"https://t.co/UTU54ulMKM","https://t.co/V9m76RKaD6"
1297303787002945537,"https://t.co/H66O3pa5eQ","https://t.co/vG3DamQU41"
1297302528552574981,"https://t.co/6wk04cfBTL","https://t.co/0iJ5QNRBbr"
1297301270588305408,"https://t.co/jOHwFS28Km","https://t.co/dRD5NRJKXr"
1297300012095795203,"https://t.co/6wk04cxcLj","https://t.co/QmtSDI7nNq"
1297298754052034562,"https://t.co/flVxY0vFdH","https://t.co/8QzilwcKvS"
1297297495475642368,"https://t.co/S84rqmkaz5","https://t.co/g9T4eOfjy1"
1297296237314498560,"https://t.co/rSUlLzUNH2","https://t.co/M2qHeh0M7d"
1297294978939404288,"https://t.co/O5dOFYDb2O","https://t.co/1kIatd9sfo"
1297293720895750145,"https://t.co/rSUlLAcp5C","https://t.co/nGjYfKudb2"
1297292464504504320,"https://t.co/GwrFQQplAk","https://t.co/nZsaCimEqS"
1297291204044832768,"https://t.co/agzyeFpUjy","https://t.co/yt31rI1UM0"
1297289945829105664,"https://t.co/82W3aK4CHg","https://t.co/DX1dQGIXZd"
1297288687571668993,"https://t.co/agzyeF8js0","https://t.co/ZOGEjQ7AiG"
1297287429141884928,"https://t.co/QbrsULTeVU","https://t.co/ErmOwIqpEP"
1297286170955710465,"https://t.co/VM5oVAmb2Y","https://t.co/fFY0gDKX6n"
1297284912698003470,"https://t.co/xY7CSA6ox4","https://t.co/wUz4WMg9Ta"
1297283654436126721,"https://t.co/eJO4xiKtVR","https://t.co/YtuxnyU3Jx"
1297282395981230080,"https://t.co/xY7CSAnZoC","https://t.co/W0UXXWovEp"
1297281137740398592,"https://t.co/ndm0LZ3Qkp","https://t.co/BEMuclqzff"
1297279879419854848,"https://t.co/xY7CSAnZoC","https://t.co/fDYDgOCbPL"
1297278621464301568,"https://t.co/qO65KE8yYj","https://t.co/rVfboplHUl"
1297277364003463168,"https://t.co/SdImEZHCvy","https://t.co/hzn2leEaKb"
1297276104588238848,"https://t.co/m7zb75ck69","https://t.co/DOTuqO9wrv"
1297274846280388610,"https://t.co/wIaMCy2RL3","https://t.co/R8CvMkqEbe"
1297273588026875904,"https://t.co/pqfWM30yZe","https://t.co/o0x5dp6kOl"
1297272329802850310,"https://t.co/kQuVuDk2en","https://t.co/cpC4506oEV"
1297271071603920897,"https://t.co/lIlUkdfomk","https://t.co/euTFD99Ys9"
1297269813086044161,"https://t.co/lxmTASfpYl","https://t.co/WGSMiAG9ZS"
1297268554765565954,"https://t.co/o3mZBZrTG8","https://t.co/HjFvO2vLoA"
1297267296667406339,"https://t.co/Ut4pRBf1xS","https://t.co/rM8Xkse7mt"
1297266038451601413,"https://t.co/TzQh57ca7L","https://t.co/omoa9avGgB"
1297264780122533890,"https://t.co/NqErAPwql7","https://t.co/V0dXA7oJcc"
1297263521948938240,"https://t.co/3MjtwblFf2","https://t.co/hYa7gLkLwb"
1297262267172438016,"https://t.co/zhK4RGp3gW","https://t.co/65oMn8PN8C"
1297261005152690177,"https://t.co/3MjtwblFf2","https://t.co/LzhCGseae2"
1297259746970370048,"https://t.co/m7zb75ck69","https://t.co/vLE9clcZKX"
1297258488704401408,"https://t.co/lJ8ODTnkzm","https://t.co/B28Py6SSkh"
1297257356615659520,"https://t.co/Puqfy03JF9"
1297255972143063041,"https://t.co/vsicRsIpN6","https://t.co/G2UAfD2Wxm"
1297254713801367552,"https://t.co/mGHpd0O1mu","https://t.co/OXlvkNwI1M"
1297253455308808192,"https://t.co/GEn3NHZrQj","https://t.co/FRhXE1SejJ"
1297252335522062337,"https://t.co/mGHpd0wquW","https://t.co/PG8l2CWbmd"
1297251145245761537,"https://t.co/uuSYUNr6Jl","https://t.co/kH4JR8vEWl"
1297249680422653952,"https://t.co/mGHpd0O1mu","https://t.co/HpMdxj8io9"
1297248568546406403,"https://t.co/kQuVuDk2en","https://t.co/tNtWw0oanQ"
1297247518758252544,"https://t.co/hENakSSxOM","https://t.co/SqmKCdjm5v"
1297245905586855936,"https://t.co/hdQr5wIBVT","https://t.co/qqlAkRTaOS"
1297244647408857088,"https://t.co/w2c53ouztB","https://t.co/nsCBBQQify"
1297243389184876544,"https://t.co/o4naAGcAnx","https://t.co/28FKRrw0ml"
1297242130881142784,"https://t.co/qh2enBatbk","https://t.co/qnc0eKmmhE"
1297240954907353090,"https://t.co/iMd2CQ72ot…"
1297239837066567686,"https://t.co/o4naAGcAnx","https://t.co/QnCNTAFmyT"
1297237097682632704,"https://t.co/zMgLRwH1Vw","https://t.co/wxSgNifrmC"
1297235839324426240,"https://t.co/yKZKop1AzQ","https://t.co/aVOObWCTfm"
1297234581142122496,"https://t.co/dxPOj5uarK","https://t.co/WiAlzBLiUS"
1297233322901245952,"https://t.co/grGy0m94Le","https://t.co/MPQcN6IXwa"
1297232066795515909,"https://t.co/aNZAbB98lD","https://t.co/w5e6MWeN5J"
1297230806235185153,"https://t.co/IOl4bEfwKh","https://t.co/GPeqsrMm1t"
1297229548011102209,"https://t.co/aNZAbB98lD","https://t.co/7ViwfpZSAO"
1297228289845518337,"https://t.co/ZfUq0ZAgSO","https://t.co/NxF9tTFSdG"
1297227266167111680,"https://t.co/Ljqqh3S3u4","https://t.co/wOrgCZVAuV"
1297225795333697536,"https://t.co/TIg3zUXeAp…"
1297224514644750336,"https://t.co/qfvq8ZpXsc","https://t.co/Ici9Ar799B"
1297223256424869889,"https://t.co/sz15cetpBQ","https://t.co/GECV9W8Yom"
1297221998154784770,"https://t.co/qfvq8ZHyQM","https://t.co/26LShZdzRB"
1297220740165459968,"https://t.co/sz15cetpBQ","https://t.co/3Nf89PNIEI"
1297219823676665861,"https://t.co/BMB4OQRosA","https://t.co/w4HIg8McNd"
1297218813679800324,"https://t.co/sz15cebOKi","https://t.co/RAUqqLdZYs"
1297217067825926146,"https://t.co/BMB4OQRosA","https://t.co/eJn3IiL8uG"
1297215706736611334,"https://t.co/ndm0LZlrIZ","https://t.co/3MZyH2gZAA"
1297214851031408641,"https://t.co/hENakSSxOM","https://t.co/VdqC55BtyQ"
1297213190393061378,"https://t.co/fBkjm3DRMq","https://t.co/053KlA7zgw"
1297211931758010370,"https://t.co/2IowBHoQyI","https://t.co/IcrjCBYhuq"
1297210673567596548,"https://t.co/Th5g6GCPzY","https://t.co/xTJD8Ptglk"
1297209416064917504,"https://t.co/6c2ij7KSRO","https://t.co/5XXqs3BseR"
1297208156968357889,"https://t.co/sRahkBC1L7","https://t.co/exsAytTstz"
1297206898748424194,"https://t.co/6c2ij7KSRO","https://t.co/APBBKKDn0m"
1297205640784470018,"https://t.co/sRahkBC1L7","https://t.co/P8p57eXJxa"
1297204382124191745,"https://t.co/6c2ij7KSRO","https://t.co/wo23Hmq9Ef"
1297203124013133824,"https://t.co/R9Rviy85J6","https://t.co/603DaIvo3z"
1297201865457885185,"https://t.co/b7tRlz6kKk","https://t.co/sgSbB80ojQ"
1297200736896458753,"https://t.co/5KWMThzpTW","https://t.co/bafiyLCMXF"
1297199595534143489,"https://t.co/l…"
1297198090923859969,"https://t.co/jARRHTKRDS","https://t.co/DeIFkGMQfa"
1297196486560755712,"https://t.co/m7zb75tVuJ","https://t.co/ndZbnCYtb8"
1297194316243390467,"https://t.co/qO65KE8yYj","https://t.co/KGG1cBq93H"
1297194315630878721,"https://t.co/m7zb75ck69","https://t.co/RcMjimZokt"
1297193057511780354,"https://t.co/X0rJceth6M","https://t.co/gHOrPUVU7l"
1297191799287615490,"https://t.co/m7zb75tVuJ","https://t.co/z40uFPjY3G"
1297190540883243009,"https://t.co/BwClGFflEm","https://t.co/ezrM2VBNza"
1297189282721853440,"https://t.co/47ac2Lj5o0","https://t.co/r8FRTXTQsm"
1297188024590065666,"https://t.co/E6dCNQ7jTw","https://t.co/5uA4xwfqND"
1297186767318155265,"https://t.co/TwE3kGhAA6","https://t.co/QbPMsKgWhY"
1297185399140421633,"https://t.co/o3mZBZrTG8","https://t.co/AAamF2b2KU"
1297184249338986497,"https://t.co/neOaBaMzJC","https://t.co/bVJnHkNMnV"
1297182991047725058,"https://t.co/zLspV1eKzI","https://t.co/9Qew7TdG5h"
1297181733092130817,"https://t.co/p9acohpksr","https://t.co/lSsqw3yPUl"
1297180501862764547,"https://t.co/kyg9M64t5U","https://t.co/3ImJHqPrMU"
1297179563244556289,"https://t.co/ItgrK5hefa","https://t.co/M9mfS3tyYb"
1297177957983715329,"https://t.co/0YL66A4QUM","https://t.co/LYrEKXEFub"
1297176699747078144,"https://t.co/wlcfNJi2ZB","https://t.co/bb4Y5NIf2t"
1297175780938723328,"https://t.co/OOvGQ1p9G4","https://t.co/PN463vdEwR"
1297174183198089217,"https://t.co/NnKRIm7Vq2","https://t.co/HOQmJEecm4"
1297172925091663874,"https://t.co/c1jM7A9Gmi","https://t.co/kGfhghB0L0"
1297171666490064896,"https://t.co/kQDH4DfMDD","https://t.co/bsptdC3LhG"
1297170408123305988,"https://t.co/V6rwnGOhs0","https://t.co/TSjZMArA1l"
1297169150079451137,"https://t.co/MnAhmFBrOg","https://t.co/wMfo1PcRf1"
1297168164908916737,"https://t.co/QbrsULBE4m","https://t.co/LJOs3BGRJe"
1297166633295908867,"https://t.co/lxmTASx1mV","https://t.co/jqDU1lVuQZ"
1297165375155474433,"https://t.co/2AEuCb7UJC","https://t.co/9eA7xkn10t"
1297164117946576900,"https://t.co/pGbGk7BIvj","https://t.co/4x9TfZqtjr"
1297162858485047296,"https://t.co/2f3EP9WD8s","https://t.co/hd9TCCmqzo"
1297161600126746625,"https://t.co/R2wxXwbaJE","https://t.co/GtAHymrPkr"
1297160341940510723,"https://t.co/ndm0LZlrIZ","https://t.co/x0383DIGDe"
1297159083536023552,"https://t.co/zMgLRwpr3Y","https://t.co/bcSvgRUzYQ"
1297157825571872769,"https://t.co/dRJEOB1DPn","https://t.co/CCfg2e6NuE"
1297156570636328961,"https://t.co/sMvQ6r85iI","https://t.co/YCV18ODwpX"
1297155308767174657,"https://t.co/eJO4xj24Np","https://t.co/eqyU59yIKm"
1297154050413039624,"https://t.co/O5dOFYDb2O","https://t.co/F6frDrjhjO"
1297152792147234816,"https://t.co/NHnaRoY8gY","https://t.co/bijjOs5k0C"
1297151533797109763,"https://t.co/G3oYEi3lo9","https://t.co/A2KhI59JKU"
1297150275787075584,"https://t.co/WSueIu15eN","https://t.co/8CUBCFg7PX"
1297149017588105217,"https://t.co/e4Mh8DvB3J","https://t.co/NxU4NRjtdn"
1297147759041093632,"https://t.co/eXlZGxuzzL","https://t.co/AVouDJUYcG"
1297146517799796736,"https://t.co/fSp53qmGKm","https://t.co/wHn1P9ijXp"
1297145242668249088,"https://t.co/BwClGEXKfM","https://t.co/NDKT3A06mm"
1297144069400002560,"https://t.co/kQuVuDk2en","https://t.co/ahMBRze3aq"
1297142726215888896,"https://t.co/QbrsULTeVU","https://t.co/WJzogtlDjA"
1297141770694922241,"https://t.co/pqfWM30yZe","https://t.co/VKyu0Hx3ag"
1297140209214267394,"https://t.co/Qhohhq9QBk","https://t.co/hkpdqHcrhd"
1297138950931230720,"https://t.co/kyg9M5MRHk","https://t.co/cQ2a4Kx0sy"
1297136434210648064,"https://t.co/GaiYK6ox6C","https://t.co/p8GS95SJyM"
1297133917640830983,"https://t.co/44ufnvNmvG","https://t.co/uNHFX6B9Hp"
1297131401309954049,"https://t.co/8UZi7JedD3","https://t.co/iBTIovy0u2"
1297130142884458498,"https://t.co/eXlZGxcYbb","https://t.co/RVrrjcDOlT"
1297128884639420416,"https://t.co/pqfWM2IXAE","https://t.co/FrUXlj7UuE"
1297126370951061506,"https://t.co/eJO4xj24Np","https://t.co/F4m6sG3WMY"
1297123851265101826,"https://t.co/O5dOFYUMro","https://t.co/6pWEDCIEZr"
1297122593066160128,"https://t.co/NHnaRoY8gY","https://t.co/9Bg20unmK7"
1297121334875418624,"https://t.co/e4Mh8DdZF9","https://t.co/rGztqBYzIo"
1297118818112663555,"https://t.co/pGbGk7TjmR","https://t.co/bHBDcIlngC"
1297116301656195072,"https://t.co/E6dCNPPJ1Y","https://t.co/Iy0J5AUcCr"
1297113785031962625,"https://t.co/pqfWM30yZe","https://t.co/Rvp0wigejC"
1297112527126446080,"https://t.co/BwClGEXKfM","https://t.co/tGvt2G0dM9"
1297111270185787392,"https://t.co/rTMXiqEaTl","https://t.co/MJ1HEHXwqT"
1297108751963443200,"https://t.co/lJ8ODTEVqU","https://t.co/tL9AHCDoea"
1297106235293130752,"https://t.co/R9RviypH7G","https://t.co/5529oNY46x"
1297103719444742145,"https://t.co/Zhq4NRcCMb","https://t.co/J8ewRy644M"
1297101202195460098,"https://t.co/cHxQNtrFlf","https://t.co/SNfUfCHZF2"
1297098685621235714,"https://t.co/acRNbAlZJk","https://t.co/bVK4KhAY0B"
1297097427602665474,"https://t.co/WSueIuiG6l","https://t.co/h2D2yiIa2w"
1297096168913227778,"https://t.co/taEnwwmxeu","https://t.co/Bg56GAq0oq"
1297093652427223040,"https://t.co/z8wmzrTGgb","https://t.co/l7uXJcgOLs"
1297091135706238976,"https://t.co/dRJEOB1DPn","https://t.co/uQv9s6S5Wv"
1297088619509878784,"https://t.co/qbja8pJAkJ","https://t.co/23btH9qHF5"
1297086102558453763,"https://t.co/f2CXjOB4qC","https://t.co/VJtjnY1MNa"
1297083586147790848,"https://t.co/cxfDE50n9L","https://t.co/pIJJrTMkIX"
1297082328137703424,"https://t.co/QbrsULTeVU","https://t.co/V61PGNSWg0"
1297081071859834882,"https://t.co/rTMXiqVMhV","https://t.co/6YtVPppL4R"
1297078552781885440,"https://t.co/lJ8ODTnkzm","https://t.co/k9gHeBc1ph"
1297076036283187203,"https://t.co/R9Rviy85J6","https://t.co/xpbBpIqc7w"
1297073520179122176,"https://t.co/5V8Qo6OYpP","https://t.co/cR4pcnXk41"
1297072261472628736,"https://t.co/fuhREG1voa","https://t.co/9k0j38fX3E"
1297071003080810496,"https://t.co/z9xSip8kJu","https://t.co/Ii5aZdNC8i"
1297069744885870594,"https://t.co/HTGdzC08Z7","https://t.co/HCfeYt0PRc"
1297068486619930626,"https://t.co/44ufnw4Xne","https://t.co/lGJGwYiQJk"
1297067228429459456,"https://t.co/2gxWnDAh11","https://t.co/BXPOikoUFq"
1297065972226957313,"https://t.co/GaiYK6G7Ya","https://t.co/DRsNj9sxxc"
1297064711654182915,"https://t.co/47ac2LAGMA","https://t.co/PdiobkgLfm"
1297063453400727552,"https://t.co/ItgrK5hefa","https://t.co/Nek2OK5Aa0"
1297062195105353729,"https://t.co/NnKRImpwOC","https://t.co/LLtcsT5cWQ"
1297060936780480515,"https://t.co/OOvGQ1p9G4","https://t.co/Pr0CDwskvi"
1297058421313802240,"https://t.co/zMgLRwpr3Y","https://t.co/o1MtrdcXb1"
1297055903619850241,"https://t.co/rT9iN7DSgH","https://t.co/pdU304p2yq"
1297053387083710471,"https://t.co/e4Mh8DvB3J","https://t.co/4awR3anUXI"
1297050870375358465,"https://t.co/pGbGk7TjmR","https://t.co/0BmSk4rCKd"
1297048353893748742,"https://t.co/E6dCNPPJ1Y","https://t.co/VZZ4935ROl"
1297045837164376064,"https://t.co/pqfWM2IXAE","https://t.co/1n4tr7sNK8"
1297044579158392832,"https://t.co/ILDpLGBLYJ","https://t.co/sayIkhICKm"
1297043321584418816,"https://t.co/hENakTa8Gk","https://t.co/f3KxZiEhAT"
1297042062500491264,"https://t.co/dymQrc2h5X","https://t.co/PBK8i8F8Eu"
1297040804091850752,"https://t.co/pqfWM2IXAE","https://t.co/Su9tbMcmIl"
1297039545876336640,"https://t.co/e4Mh8DvB3J","https://t.co/cUPmlZUnMN"
1297038287555694592,"https://t.co/pGbGk7BIvj","https://t.co/IwLfeaaGwE"
1297037029662851073,"https://t.co/E6dCNQ7jTw","https://t.co/IBtJT7WOoS"
1297035771619106818,"https://t.co/pqfWM2IXAE","https://t.co/dshqMfXdIh"
